{
  0.0: {
    "dirX": [-0.007997155483691499, -0.9999353583185802, -0.008082368988874301],
    "dirY": [-0.0009144026818235503, -0.008075316926063203, 0.9999669760168499],
    "dirZ": [-0.9999676041612499, 0.008004281925642402, -0.0008497640082588901],
    "accSmooth": [-1.5701450811243, -0.71715853088227, -1.3061804507664],
    "accRaw": [-2.1483329968767, -1.3138677196051, -1.4692322069673],
    "angVel": [0.005552721335149801, 0.0048675714372698005, -0.007389479330326001],
    "angVelSmooth": [0.004447918510594101, 0.0036514599896858013, -0.0052323506315078],
    "angAccel": [4.7916615148962, 2.6453244449352002, 4.7331547403353],
    "pos": [-3.7612007142171002, -903.62429468844, 1.6777178341528],
    "time": 33.225001578103,
    "mass": 2.7941986935086
  },
  1.0: {
    "dirZ": [-0.99996789658121, 0.007982580765310504, -0.0006958529068642602],
    "mass": 2.7941986935086,
    "accSmooth": [5.7579554063511, 1.4467681358483, -1.0530779039026],
    "dirX": [-0.007976766769807304, -0.99993624846469, -0.007991883274309702],
    "angAccel": [1.9552051488126998, 1.0389056774954, -9.6213759752913],
    "pos": [-3.7646250024325, -904.07818702408, 1.677637762592],
    "angVelSmooth": [
      -0.004957440641693102, -0.0013338277260363006, 0.0009315115465604501
    ],
    "time": 33.235501578602,
    "angVel": [
      -0.007313247886013201, -0.002582517619272601, 0.0024754048670566006
    ],
    "accRaw": [7.5934613063359, 1.9887776471408, -0.9896820458812698],
    "dirY": [-0.0007596044424906901, -0.007986081518404603, 0.9999678222338301]
  },
  2.0: {
    "dirZ": [-0.9999675654921699, 0.008015040727968603, -0.0007918874885887303],
    "mass": 2.7941986935086,
    "accSmooth": [2.9498487243505003, 0.17509070126744003, 2.431987959068],
    "dirX": [-0.0080084222877996, -0.9999356536118702, -0.008034538459777705],
    "angAccel": [1.6957234772776002, 1.4425683907452, -5.9612933677583],
    "pos": [-3.7717414688121, -904.9861889698, 1.6776853986700002],
    "angVelSmooth": [
      0.003770600257338101, 0.0012694261403898006, -0.00011830492807367001
    ],
    "time": 33.256501579599,
    "angVel": [
      0.003972592792580101, 0.0018656929292332001, -0.00025501846156293005
    ],
    "accRaw": [4.9701069341887, 0.21922158695498, 2.919590451671],
    "dirY": [-0.0008562337302611403, -0.0080279415612756, 0.9999674089779598]
  },
  3.0: {
    "dirZ": [-0.9999676511066299, 0.008012057550068704, -0.0007097000132130701],
    "mass": 2.7941986935086,
    "accSmooth": [-4.5240770594491, -3.1600482551732, 3.1949593553455],
    "dirX": [-0.008006112177467103, -0.9999358084707201, -0.008017549863348702],
    "angAccel": [-3.1365807844516, -2.2046984613206, 5.5246143657999],
    "pos": [-3.7752430157394, -905.44026500016, 1.6776834046258002],
    "angVelSmooth": [
      -0.0056933725310520005, -7.9610552284073e-5, 0.005519227489491001
    ],
    "time": 33.267001580098,
    "angVel": [
      -0.008063861025318001, -0.0004175105050659602, 0.006931288368225101
    ],
    "accRaw": [-6.3961085491454, -3.9954171536045, 3.38606460858],
    "dirY": [-0.0007738915711735103, -0.0080116140337773, 0.99996760704155]
  },
  4.0: {
    "dirZ": [-0.9999676077624099, 0.008012078092353402, -0.0007681344732080302],
    "mass": 2.7941986935086,
    "accSmooth": [-2.7880120418761, 1.1683682297816, 0.08302693962577401],
    "dirX": [-0.008005672164182001, -0.9999358850288801, -0.008008435847238501],
    "angAccel": [-4.4090878831636005, 0.013493321116044002, 6.9959148414537005],
    "pos": [-3.7823232113983, -906.34863300309, 1.6776887822615003],
    "angVelSmooth": [
      0.002001274975342701, 0.0007673056285866101, -0.0026039331324684005
    ],
    "time": 33.288001581095,
    "angVel": [
      0.002654133338600101, 0.0010045129795157003, -0.0035695677417702004
    ],
    "accRaw": [-3.8851724563202, 0.90311870018619, 0.40069310852395995],
    "dirY": [-0.0008322494814656503, -0.008002032470524202, 0.9999676368948901]
  },
  5.0: {
    "dirZ": [-0.9999676077624099, 0.008012078092353402, -0.0007681344732080302],
    "mass": 2.7941986935086,
    "accSmooth": [0.9088481577962, -2.1552031861692003, -2.6122450143427],
    "dirX": [-0.008005672164182001, -0.9999358850288801, -0.008008435847238501],
    "angAccel": [3.1589565582140002, 0.4998972610931601, -0.3413983492140301],
    "pos": [-3.7859221173817, -906.80288381562, 1.6777461011178],
    "angVelSmooth": [
      -0.0075714330277001024, -0.0015051202151982006, -0.0014189636550531004
    ],
    "time": 33.298501581594,
    "angVel": [
      -0.009969156973823301, -0.0020743060568326004, -0.0011221584364545002
    ],
    "accRaw": [1.8348191811897, -2.9876747050062, -3.2873432314084],
    "dirY": [-0.0008322494814656503, -0.008002032470524202, 0.9999676368948901]
  },
  6.0: {
    "dirZ": [-0.99996766852141, 0.008013877762589001, -0.0006630799810778803],
    "mass": 2.7941986935086,
    "accSmooth": [2.5988887231133, -0.57937641012976, -1.5169649418859998],
    "dirX": [-0.008008314396197902, -0.99993588507302, -0.0080057881409286],
    "angAccel": [0.6949951631297903, -1.450147220851, 1.7438099400624],
    "pos": [-3.7893255529661998, -907.25722906126, 1.6776781486317],
    "angVelSmooth": [
      -0.0007451940263366601, -0.00019466765447215002, -0.001987689526718301
    ],
    "time": 33.309001582093,
    "angVel": [
      0.0009646081226818705, 0.00013356793822665006, -0.0021301411340209
    ],
    "accRaw": [3.0222016176561, -0.18467121337133002, -1.2426246761424],
    "dirY": [-0.00072719491909386, -0.008000224616215303, 0.9999677332762499]
  }
}
