{
  0.0: {
    "dirX": [-0.6623667611251299, 0.74914708137797, -0.006994585011109702],
    "dirY": [-0.043867469025122015, -0.029462219147209007, 0.99860283536762],
    "dirZ": [0.7478943235749702, 0.6617481604541402, 0.05237798105970401],
    "accSmooth": [4.2830850454747, 5.4484800742802, 6.338250544576],
    "accRaw": [5.1266015980136, 3.2308885425292, 7.0576769479571],
    "angVel": [0.032632585269080014, -0.04811272237342401, -0.7929511671029299],
    "angVelSmooth": [0.034882391397264005, -0.043514650666920014, -0.79433376961449],
    "angAccel": [4.0459718641812, 12.960516899398, -7.4886585211687],
    "pos": [-20.802096299653, -7.6493515498066, 1.6728495160112002],
    "time": 641.8345304855,
    "mass": 2.7941986935086
  },
  1.0: {
    "dirZ": [0.7478943235749702, 0.6617481604541402, 0.05237798105970401],
    "mass": 2.7941986935086,
    "accSmooth": [4.386839975933, 4.2787764609263, 8.439014804815],
    "dirX": [-0.6623667611251299, 0.74914708137797, -0.006994585011109702],
    "angAccel": [5.2233870775135, 13.856694402939, -11.296121757825],
    "pos": [-20.876186657523, -7.5574052087093, 1.6728478672729001],
    "angVelSmooth": [
      0.031149236146949002, -0.055601764650874005, -0.7855108888223998
    ],
    "time": 641.845030486,
    "angVel": [0.03021417412109101, -0.05862928441118001, -0.78330097783982],
    "accRaw": [4.4128279911539, 3.9857949594834, 8.9652037129415],
    "dirY": [-0.043867469025122015, -0.029462219147209007, 0.99860283536762]
  },
  2.0: {
    "dirZ": [0.7565747767030501, 0.6518056151767202, 0.05238365471059802],
    "mass": 2.7941986935086,
    "accSmooth": [-1.7168432844500001, 2.3649959186892002, 10.956830888258],
    "dirX": [-0.65241136426405, 0.75783350186581, -0.006913409355727501],
    "angAccel": [1.1018929105878, 9.6748960649009, -6.1906239242331],
    "pos": [-20.955219352028, -7.4627179894876, 1.6728763223426002],
    "angVelSmooth": [
      0.016714471852059008, -0.07674050823488701, -0.7820915449719399
    ],
    "time": 641.8555304865,
    "angVel": [0.013098924402424002, -0.08203523483327803, -0.78123508485348],
    "accRaw": [-3.2456632911106, 1.8856417555530003, 11.58748084784],
    "dirY": [-0.04420429109504101, -0.028945176351810004, 0.99860310304682]
  },
  3.0: {
    "dirZ": [0.7650328291730901, 0.64185728324276, 0.052383186573857016],
    "mass": 2.7941986935086,
    "accSmooth": [0.2850811998244801, -8.9104649948132, 13.237113895947],
    "dirX": [-0.64244310788934, 0.76630150679763, -0.006989549711898202],
    "angAccel": [-10.475331208567, -11.507254381814, 4.3870601630447],
    "pos": [-21.105312738512, -7.2733770243035, 1.672889685889],
    "angVelSmooth": [
      0.011116648319635002, -0.08403303870962602, -0.7968525748224499
    ],
    "time": 641.8765304875,
    "angVel": [0.010480775963135, -0.08371010516571202, -0.7984314999401999],
    "accRaw": [1.2707792052451001, -10.12815195908, 13.519546320052],
    "dirY": [-0.04462761170417503, -0.028305978003114008, 0.9986025975746701]
  },
  4.0: {
    "dirZ": [0.77365028446268, 0.63144730572851, 0.05234059074011102],
    "mass": 2.7941986935086,
    "accSmooth": [2.6755293320028004, -15.725147902456, 18.35096982434],
    "dirX": [-0.6320211810001201, 0.7749208716832001, -0.006846122768128301],
    "angAccel": [-13.553700343732, -17.56220019989, -2.2041765237839],
    "pos": [-21.182211850802, -7.1765574135268, 1.6728711959494],
    "angVelSmooth": [
      0.009803209222635202, -0.08056079090301603, -0.8008073567679399
    ],
    "time": 641.887030488,
    "angVel": [0.009474225577291603, -0.07969107966664103, -0.8017979307381601],
    "accRaw": [3.2742768052013, -17.43205553901, 19.631862839423],
    "dirY": [-0.04488278543297701, -0.027783852909851005, 0.99860582468222]
  },
  5.0: {
    "dirZ": [0.7818556571870702, 0.6212537009229199, 0.05239819094351302],
    "mass": 2.7941986935086,
    "accSmooth": [-4.6766653516007, -13.861043289025, 21.287098013459],
    "dirX": [-0.6218046787497401, 0.78314091980372, -0.007017208413950202],
    "angAccel": [-17.4001665252, -18.611499100667, 0.09641967376430402],
    "pos": [-21.327728768728, -6.9833410751825, 1.6728958848939002],
    "angVelSmooth": [
      0.021979258841793005, -0.05791447903116801, -0.8032020961787001
    ],
    "time": 641.90803048899,
    "angVel": [0.02357117930413401, -0.055221660397879006, -0.80305179867161],
    "accRaw": [-5.8378243188849, -13.903472081292, 21.825246996457],
    "dirY": [-0.045394637548624016, -0.02709499190871901, 0.9986016164093102]
  },
  6.0: {
    "dirZ": [0.7899015188460901, 0.6109872210531802, 0.05244240873897402],
    "mass": 2.7941986935086,
    "accSmooth": [-2.1461075034111, -18.305755680352, 21.459277945017],
    "dirX": [-0.61153193199467, 0.7911904274839702, -0.006812019421478402],
    "angAccel": [-23.19471361942, -24.846122470298, -3.2264798132235],
    "pos": [-21.402136647607, -6.8846510349862005, 1.6728609655245001],
    "angVelSmooth": [
      0.031495861166271004, -0.04215048574411502, -0.79875893374062
    ],
    "time": 641.91853048949,
    "angVel": [0.033879532043089015, -0.03820199967529601, -0.7976460326711502],
    "accRaw": [-1.5122660504257, -19.419044974346, 21.502404711739],
    "dirY": [-0.04565399194815703, -0.026689378721280004, 0.9986007160435402]
  },
  7.0: {
    "dirZ": [0.7980999527015301, 0.6002455512487201, 0.05236166253984902],
    "mass": 2.7941986935086,
    "accSmooth": [-0.11274046425580002, -6.5144408349575, 15.078386518027],
    "dirX": [-0.6007615925238703, 0.7993975125685202, -0.007008983339035503],
    "angAccel": [-10.294229628687, -6.2111856730903, 3.9947170501557],
    "pos": [-21.543145529356, -6.6875458852404, 1.6728386601688001],
    "angVelSmooth": [
      0.05785433954375802, -0.007102720159482803, -0.7977474542559501
    ],
    "time": 641.93953049049,
    "angVel": [
      0.061504298142529015, -0.0022075442855260014, -0.7989956791990702
    ],
    "accRaw": [-0.34324702284098, -3.4709886963758003, 12.950802487954],
    "dirY": [-0.04606489714104202, -0.025863002132510002, 0.9986035902058801]
  },
  8.0: {
    "dirZ": [0.7980999527015301, 0.6002455512487201, 0.05236166253984902],
    "mass": 2.7941986935086,
    "accSmooth": [-5.6886181933749, -2.8688424961465, 8.0282093042215],
    "dirX": [-0.6007615925238703, 0.7993975125685202, -0.007008983339035503],
    "angAccel": [-4.3239403881599, -1.7875683853545, 10.558854935251],
    "pos": [-21.609661369946, -6.5894211650842, 1.6728302778437003],
    "angVelSmooth": [
      0.059756877242134014, -0.0015130996808582, -0.79242120434865
    ],
    "time": 641.95003049099,
    "angVel": [0.06023341535406101, -0.00011303954457506003, -0.79108711195372],
    "accRaw": [-7.0852361146062, -1.9557112868653, 6.262316233569],
    "dirY": [-0.04606489714104202, -0.025863002132510002, 0.9986035902058801]
  },
  9.0: {
    "dirZ": [0.8058777041748901, 0.5897597318625101, 0.052388783029109015],
    "mass": 2.7941986935086,
    "accSmooth": [-4.6003259336871, 2.5918273691328997, 4.1239517260885],
    "dirX": [-0.59026513631896, 0.8071800564591202, -0.006886603009924203],
    "angAccel": [0.25373999758074, 7.026274012555, 13.609831346562],
    "pos": [-21.680843245678002, -6.4881334279004, 1.6729446304328004],
    "angVelSmooth": [
      0.06379556144654104, 0.0035690944956606016, -0.7981773878142299
    ],
    "time": 641.96053049149,
    "angVel": [0.064807150834274, 0.004842057033744202, -0.7996191678130901],
    "accRaw": [-4.3277359402803, 3.9595886017635, 3.1460328462953],
    "dirY": [-0.04634862521514903, -0.025373507919752007, 0.99860301924063]
  }
}
