{
  0.0: {
    "dirX": [-0.9924170350591599, 0.12265102177300002, -0.008071888405113501],
    "dirY": [-0.0013104692454930006, 0.05510829549993101, 0.99847952329402],
    "dirZ": [0.12290936176291001, 0.9909186660362399, -0.05452968083524402],
    "accSmooth": [8.6902460349555, -5.2668977603092, -3.5705086324571003],
    "accRaw": [13.632473526097, -7.881958026819801, 0.071084588833786],
    "angVel": [-0.014306084524162002, 0.029640070909401003, 0.57672579478964],
    "angVelSmooth": [-0.015061077197862002, 0.022855893971256005, 0.5771852982182001],
    "angAccel": [-7.4889258604373, -12.672123583208, 3.9751710322928],
    "pos": [10.564755559913, 29.619202300529, 1.6711721891448001],
    "time": 219.50701042602,
    "mass": 2.7941986935086
  },
  1.0: {
    "dirZ": [0.11344004618348003, 0.9920490529051101, -0.054498005027472006],
    "mass": 2.7941986935086,
    "accSmooth": [0.94719314996089, -2.8790391652641, -8.7070881959846],
    "dirX": [-0.99354313997157, 0.11316749335864001, -0.008071397794288704],
    "angAccel": [-8.9255410801078, 1.0852993827863, 3.2092947781427],
    "pos": [10.396078153127, 29.64165201885, 1.6711476156132004],
    "angVelSmooth": [
      -0.015837143593301996, -0.018946393222445002, 0.5696406538486102
    ],
    "time": 219.51751042652,
    "angVel": [-0.016031528816327006, -0.029416820710174003, 0.56775090912181],
    "accRaw": [-0.99224794785059, -2.2809403063544003, -9.9936729133626],
    "dirY": [-0.0018398253476991009, 0.055061739394481, 0.9984812566581002]
  },
  2.0: {
    "dirZ": [0.10365541309853, 0.99311766363219, -0.05452395360868502],
    "mass": 2.7941986935086,
    "accSmooth": [3.8511236241933, 0.9910345184983801, -11.944729414945],
    "dirX": [-0.99461030243485, 0.10336534204397002, -0.0081211055028943],
    "angAccel": [4.7681223035521, -26.359335294668, -12.967045698706],
    "pos": [10.055735942806, 29.68180258542, 1.6711969838615999],
    "angVelSmooth": [
      -0.017504283050327005, 0.02648997483009501, 0.5871753837390901
    ],
    "time": 219.53851042752,
    "angVel": [-0.018163197567544004, 0.03389664816234102, 0.58943400628233],
    "accRaw": [6.1756423617545, 0.6323886142623201, -12.419234729277001],
    "dirY": [-0.0024293316468885, 0.05507188309955401, 0.9984794369638401]
  },
  3.0: {
    "dirZ": [0.10365541309853, 0.99311766363219, -0.05452395360868502],
    "mass": 2.7941986935086,
    "accSmooth": [6.8044930585029, -8.5486553763019, -10.159148830022],
    "dirX": [-0.99461030243485, 0.10336534204397002, -0.0081211055028943],
    "angAccel": [-1.397974026028, -9.9301915851482, -0.32579052373615003],
    "pos": [9.8840330363163, 29.699378188398, 1.671235365362],
    "angVelSmooth": [
      -0.022139558275250003, 0.0008046936533118203, 0.5767433335102601
    ],
    "time": 219.54901042802,
    "angVel": [
      -0.023300578793179007, -0.005628826905437602, 0.5741303658282899
    ],
    "accRaw": [7.5442382395052, -10.938109112077, -9.7119055499762],
    "dirY": [-0.0024293316468885, 0.05507188309955401, 0.9984794369638401]
  },
  4.0: {
    "dirZ": [0.08462845828556702, 0.99491942419335, -0.05452855592243501],
    "mass": 2.7941986935086,
    "accSmooth": [-3.4255478450478, 5.5066939425407, -12.466013088655],
    "dirX": [-0.9964064882860899, 0.08430980817011101, -0.0081219669847849],
    "angAccel": [-6.8591642169706, -2.6197878671981, -9.6404989097484],
    "pos": [9.5454109886372, 29.735030402152, 1.6712877597879],
    "angVelSmooth": [
      -0.014511921173561, 0.023902853455151005, 0.58555095988019
    ],
    "time": 219.57001042902,
    "angVel": [-0.014712376188184002, 0.03177385763172002, 0.59048461920738],
    "accRaw": [-3.9403249561599, 7.8251072987795, -12.55570587857],
    "dirY": [-0.0034834160741216012, 0.05501995692312301, 0.99847917862749]
  },
  5.0: {
    "dirZ": [0.08462845828556702, 0.99491942419335, -0.05452855592243501],
    "mass": 2.7941986935086,
    "accSmooth": [0.78381428623155, -7.3733321266358, -5.1603444263896],
    "dirX": [-0.9964064882860899, 0.08430980817011101, -0.0081219669847849],
    "angAccel": [12.611789465481, -28.535486148841, -35.950335209627],
    "pos": [9.373368331947301, 29.749517414907, 1.6713981135822],
    "angVelSmooth": [
      -0.025872141523353005, 0.012271851878940003, 0.58686634842752
    ],
    "time": 219.58051042951,
    "angVel": [-0.028717592607547006, 0.009358576869630902, 0.5871958203614202],
    "accRaw": [1.8381542260756, -10.599456533955, -3.3304571376111],
    "dirY": [-0.0034834160741216012, 0.05501995692312301, 0.99847917862749]
  },
  6.0: {
    "dirZ": [0.06531590074927601, 0.9963870153429398, -0.05428396416347801],
    "mass": 2.7941986935086,
    "accSmooth": [8.6044052835987, 12.576054639724, -15.125757008873],
    "dirX": [-0.9978548960544902, 0.06497818045360403, -0.0079650790975788],
    "angAccel": [-18.540591292726, 6.7837439499152, 6.6247204997316],
    "pos": [9.0342708493658, 29.778978914898, 1.6713742822671],
    "angVelSmooth": [
      -0.016621939834896005, 0.01701144514776301, 0.5857653095276599
    ],
    "time": 219.60151043051,
    "angVel": [-0.017749180202548, 0.02320467129012701, 0.5873668988793399],
    "accRaw": [9.8443148250117, 18.031890792597, -15.448825035655],
    "dirY": [-0.004409033625690302, 0.054687766088843015, 0.9984937699668899]
  },
  7.0: {
    "dirZ": [0.06531590074927601, 0.9963870153429398, -0.05428396416347801],
    "mass": 2.7941986935086,
    "accSmooth": [-2.6604403565558004, -10.592350818119, -6.1789690589471],
    "dirX": [-0.9978548960544902, 0.06497818045360403, -0.0079650790975788],
    "angAccel": [5.8594725017025, -7.7415253890865, -13.013052667809],
    "pos": [8.8619508895167, 29.790351161095998, 1.6714436265706003],
    "angVelSmooth": [
      -0.02577863466826901, 0.013442026169988004, 0.5736935585420702
    ],
    "time": 219.61201043101,
    "angVel": [-0.028072157719671, 0.012547975985439002, 0.5706698868286301],
    "accRaw": [-5.4820024612596, -16.395456955077, -3.9380224321822],
    "dirY": [-0.004409033625690302, 0.054687766088843015, 0.9984937699668899]
  },
  8.0: {
    "dirZ": [0.055778523605233006, 0.9969725341669499, -0.054171232413079015],
    "mass": 2.7941986935086,
    "accSmooth": [-1.5358047138274, -3.6186814668230003, -12.994050533096],
    "dirX": [-0.9984314898966398, 0.05543332198395602, -0.007855367375173703],
    "angAccel": [9.6507937762971, 0.8740706058584201, -0.7787866283918],
    "pos": [8.6920978439769, 29.802475790134, 1.6713906686986002],
    "angVelSmooth": [
      -0.010154914355705003, -0.010190503918803002, 0.5661080620665101
    ],
    "time": 219.62251043151,
    "angVel": [-0.0062415631588381, -0.016109861668288, 0.56420808490886],
    "accRaw": [-1.2541116118989, -1.8719517023058003, -14.701058000592],
    "dirY": [-0.004828699609204802, 0.05452442538537701, 0.99850076149018]
  },
  9.0: {
    "dirZ": [0.055778523605233006, 0.9969725341669499, -0.054171232413079015],
    "mass": 2.7941986935086,
    "accSmooth": [-2.7374044160306, 5.7958562500173, -14.760516710753],
    "dirX": [-0.9984314898966398, 0.05543332198395602, -0.007855367375173703],
    "angAccel": [-8.167091398059, -0.3855949885545401, -0.9148440232960902],
    "pos": [8.5196051312408, 29.811750582991, 1.6714327195208],
    "angVelSmooth": [
      -0.018796212381600997, 0.014675816352986006, 0.57583356945038
    ],
    "time": 219.63301043201,
    "angVel": [-0.020960641422547006, 0.020904207686837005, 0.5782695658199598],
    "accRaw": [-3.038375090025, 8.1539624952066, -15.202972309821],
    "dirY": [-0.004828699609204802, 0.05452442538537701, 0.99850076149018]
  }
}
